{
  "name": "Ishop",
  "short_name": "Ishop",
  "icons": [
    {
      "src": "/_nuxt/icons/icon_64x64.32eaea.png",
      "sizes": "64x64",
      "type": "image/png",
      "purpose": "any"
    },
    {
      "src": "/_nuxt/icons/icon_120x120.32eaea.png",
      "sizes": "120x120",
      "type": "image/png",
      "purpose": "any"
    },
    {
      "src": "/_nuxt/icons/icon_144x144.32eaea.png",
      "sizes": "144x144",
      "type": "image/png",
      "purpose": "any"
    },
    {
      "src": "/_nuxt/icons/icon_152x152.32eaea.png",
      "sizes": "152x152",
      "type": "image/png",
      "purpose": "any"
    },
    {
      "src": "/_nuxt/icons/icon_192x192.32eaea.png",
      "sizes": "192x192",
      "type": "image/png",
      "purpose": "any"
    },
    {
      "src": "/_nuxt/icons/icon_384x384.32eaea.png",
      "sizes": "384x384",
      "type": "image/png",
      "purpose": "any"
    },
    {
      "src": "/_nuxt/icons/icon_512x512.32eaea.png",
      "sizes": "512x512",
      "type": "image/png",
      "purpose": "any"
    }
  ],
  "start_url": "/?standalone=true",
  "display": "standalone",
  "background_color": "#ffffff",
  "lang": "en"
}